Implementation and Backend,Version,Local Size,Number Of Heavyweight Threads,Median Runtime,Runtimes,Missed % of all Cache References,Cache Reference Count,Cache Miss Count,Total Application Execution Time (for 100 runs)
hipSYCL OpenMP,Serial,-,1,4.647662,"4.645459 4.645638 4.646228 4.646532 4.646670 4.646763 4.647054 4.647188 4.647312 4.647448 4.647458 4.647479 4.647479 4.647482 4.647484 4.647490 4.647507 4.647508 4.647513 4.647513 4.647519 4.647522 4.647525 4.647532 4.647536 4.647548 4.647565 4.647566 4.647568 4.647568 4.647574 4.647577 4.647578 4.647583 4.647586 4.647590 4.647590 4.647591 4.647611 4.647615 4.647620 4.647626 4.647631 4.647632 4.647633 4.647636 4.647637 4.647640 4.647646 4.647649 4.647662 4.647664 4.647665 4.647673 4.647677 4.647682 4.647684 4.647685 4.647688 4.647688 4.647696 4.647697 4.647699 4.647706 4.647711 4.647711 4.647712 4.647723 4.647724 4.647729 4.647743 4.647745 4.647748 4.647748 4.647753 4.647755 4.647756 4.647772 4.647791 4.647795 4.647816 4.647835 4.647840 4.647878 4.647995 4.648023 4.648090 4.648093 4.648634 4.649048 4.649116 4.649628 4.649784 4.649831 4.650253 4.650370 4.650410 4.650723 4.651067 4.651548
",0.002,107636182785,2387602,465.295673375
hipSYCL OpenMP,BKP,-,Unknown — htop indicates at least 32 since all cores were used,0.356479,0.268189 0.277116 0.279151 0.281888 0.282659 0.283995 0.287859 0.288835 0.293605 0.301316 0.305204 0.306565 0.306895 0.307470 0.307752 0.315221 0.317107 0.320200 0.320545 0.320893 0.321574 0.324834 0.326895 0.327096 0.328216 0.328660 0.329357 0.329647 0.329836 0.330760 0.330927 0.331160 0.331449 0.333273 0.335998 0.337363 0.339213 0.340968 0.341282 0.344664 0.346969 0.347490 0.348996 0.349292 0.349410 0.349967 0.350149 0.352725 0.354685 0.356230 0.356479 0.358945 0.361255 0.362559 0.363092 0.364074 0.365191 0.367151 0.368047 0.368448 0.368806 0.368859 0.373129 0.373333 0.373565 0.375749 0.376516 0.376722 0.378535 0.378950 0.380001 0.381802 0.382589 0.383719 0.384071 0.384511 0.385044 0.385768 0.390473 0.391605 0.395445 0.399675 0.401306 0.401944 0.403407 0.405506 0.406145 0.409687 0.417573 0.420480 0.429599 0.430637 0.435827 0.438802 0.441916 0.442008 0.443004 0.443898 0.444801 0.445632,0.045,67817163729,30485656,36.407547510
hipSYCL OpenMP,HDP,1,(1024x1024) 1048576,0.359147,0.283990 0.285388 0.293662 0.294131 0.296368 0.297348 0.297997 0.299396 0.299512 0.300056 0.300152 0.301540 0.302143 0.302470 0.303327 0.308119 0.312760 0.314808 0.315600 0.315829 0.317341 0.317951 0.319575 0.319589 0.322510 0.322948 0.323525 0.323781 0.325736 0.326502 0.326938 0.328071 0.328909 0.329278 0.329613 0.331615 0.336882 0.337233 0.338309 0.339819 0.339980 0.342107 0.344093 0.344315 0.349687 0.353276 0.355169 0.356456 0.357967 0.358545 0.359147 0.360037 0.360202 0.360743 0.362141 0.363240 0.363359 0.364302 0.366947 0.369136 0.369924 0.370318 0.370741 0.371878 0.373082 0.373226 0.374307 0.375848 0.376332 0.377845 0.381581 0.382627 0.382731 0.383713 0.383790 0.384300 0.385891 0.385899 0.388594 0.390028 0.392070 0.392191 0.394029 0.394530 0.395327 0.398049 0.398811 0.402352 0.402434 0.404049 0.404469 0.407349 0.407363 0.410810 0.415392 0.416457 0.417767 0.418999 0.426361 0.457101,0.049,67696928133,33437955,35.999008134
hipSYCL OpenMP,HDP,2,(512x512) 262144,0.341825,0.271652 0.282963 0.283723 0.286173 0.289057 0.293700 0.294023 0.294179 0.294722 0.295611 0.300903 0.301230 0.303585 0.304103 0.306236 0.307983 0.310082 0.310563 0.310975 0.312254 0.314360 0.318008 0.318722 0.319150 0.320431 0.321703 0.321875 0.323769 0.325510 0.326450 0.327201 0.327830 0.328261 0.328296 0.328514 0.328710 0.330271 0.331301 0.331322 0.331618 0.331634 0.332711 0.334455 0.334521 0.335165 0.336736 0.336936 0.337638 0.339593 0.340558 0.341825 0.341904 0.342137 0.343255 0.346324 0.347098 0.347340 0.348551 0.349141 0.351647 0.353166 0.355272 0.357916 0.358407 0.359187 0.359237 0.359762 0.364140 0.364359 0.365124 0.369786 0.370167 0.371723 0.377083 0.377240 0.378933 0.381255 0.382942 0.383626 0.386670 0.388105 0.389881 0.390147 0.390413 0.392420 0.397866 0.403148 0.406684 0.408987 0.411626 0.419147 0.419531 0.420443 0.421606 0.421677 0.425138 0.425475 0.440346 0.449522 0.452098,0.043,67031165568,29072386,35.635715995
hipSYCL OpenMP,HDP,4,(256x256) 65536,0.363232,0.274508 0.279675 0.284967 0.289071 0.295256 0.298340 0.298414 0.302169 0.303499 0.304166 0.306132 0.306660 0.307170 0.308663 0.310392 0.311200 0.311952 0.313226 0.313445 0.313587 0.313987 0.319981 0.320007 0.321125 0.323998 0.326557 0.329640 0.333139 0.333736 0.334334 0.336464 0.338258 0.339219 0.340556 0.340705 0.342647 0.344304 0.345785 0.348504 0.349904 0.352314 0.352967 0.354176 0.357211 0.357592 0.358163 0.358797 0.358899 0.359626 0.361217 0.363232 0.363308 0.363661 0.363793 0.364782 0.365588 0.366718 0.367542 0.368307 0.368880 0.369358 0.370810 0.371584 0.373226 0.374400 0.378865 0.379272 0.382624 0.382939 0.383833 0.384440 0.386758 0.386807 0.388771 0.388838 0.389151 0.391887 0.392297 0.397829 0.398269 0.398992 0.400433 0.401320 0.401352 0.402162 0.403089 0.404343 0.404379 0.404409 0.406443 0.410640 0.410866 0.412673 0.415388 0.415850 0.419153 0.420368 0.420940 0.452447 0.453872,0.049,64775117078,31964752,36.555391224
hipSYCL OpenMP,HDP,8,(128x128) 16384,0.357678,0.274475 0.280003 0.285580 0.294392 0.295616 0.296524 0.299339 0.300637 0.307178 0.308539 0.309849 0.310863 0.313259 0.314827 0.316884 0.318609 0.320216 0.320465 0.322027 0.322388 0.323037 0.323150 0.324569 0.324664 0.330325 0.330527 0.330947 0.333595 0.334096 0.334726 0.334871 0.341303 0.341934 0.342795 0.344442 0.344595 0.345060 0.345130 0.346074 0.346617 0.348088 0.349184 0.350476 0.350589 0.352718 0.353672 0.354978 0.355004 0.355707 0.357053 0.357678 0.358433 0.360198 0.361196 0.361401 0.361762 0.362029 0.362474 0.363967 0.365422 0.366308 0.366420 0.366625 0.366849 0.369107 0.369415 0.369495 0.369641 0.369764 0.370745 0.371430 0.371466 0.372618 0.373933 0.375380 0.379031 0.383053 0.387590 0.389068 0.390176 0.390447 0.390655 0.392363 0.398995 0.400133 0.402094 0.402607 0.403989 0.407893 0.412211 0.412466 0.414708 0.438944 0.440069 0.441837 0.443535 0.443709 0.447616 0.450316 0.453963,0.045,66266421872,30141037,36.430953164
hipSYCL OpenMP,HDP,16,(64x64) 4096,0.361901,0.275848 0.277131 0.283618 0.287200 0.288271 0.288331 0.290137 0.292471 0.299962 0.300118 0.300734 0.300783 0.305804 0.310769 0.311648 0.312726 0.315614 0.316532 0.318224 0.319324 0.319920 0.320196 0.320597 0.321108 0.321134 0.323444 0.324616 0.326722 0.330560 0.330575 0.331312 0.331710 0.334697 0.334744 0.335257 0.336787 0.339908 0.348423 0.348918 0.348949 0.350434 0.350707 0.351009 0.351264 0.351402 0.32498 0.354699 0.356461 0.356698 0.360281 0.361901 0.363298 0.364304 0.364823 0.364922 0.366408 0.367017 0.372221 0.373594 0.377731 0.379162 0.380531 0.381638 0.383754 0.383861 0.384105 0.385227 0.385262 0.385271 0.385513 0.386287 0.387225 0.389203 0.390214 0.390427 0.390699 0.390813 0.392015 0.392185 0.392331 0.393318 0.393864 0.395794 0.398586 0.399382 0.400171 0.403587 0.412827 0.414217 0.414947 0.415250 0.416140 0.419205 0.423018 0.423280 0.424210 0.428005 0.434938 0.439206 0.440680,0.045,67687228063,30642936,36.547575775
hipSYCL OpenMP,HDP,32,(32x32) 1024,0.337639,0.275628 0.277097 0.283842 0.286456 0.288816 0.289639 0.290479 0.295109 0.296321 0.296427 0.298212 0.299870 0.301512 0.303132 0.303445 0.305070 0.305810 0.307006 0.307592 0.308274 0.310436 0.310630 0.311268 0.314374 0.315312 0.315987 0.316013 0.317112 0.317259 0.318764 0.320334 0.321995 0.323498 0.323786 0.323815 0.323998 0.325045 0.326992 0.328587 0.329258 0.329383 0.332828 0.333975 0.335129 0.335180 0.336199 0.336244 0.336682 0.336858 0.337286 0.337639 0.338551 0.339134 0.340609 0.342738 0.343383 0.344194 0.344508 0.347161 0.347916 0.349863 0.350307 0.352588 0.352677 0.353817 0.355878 0.355999 0.356447 0.356703 0.358360 0.359746 0.359847 0.360217 0.361108 0.362158 0.363346 0.363994 0.364797 0.365008 0.366101 0.368029 0.368764 0.380290 0.383301 0.383928 0.384190 0.385197 0.385334 0.386437 0.389060 0.389153 0.399508 0.400697 0.401993 0.403171 0.404875 0.405555 0.412458 0.412644 0.438788,0.048,68504685850,32788528,34.904078445
hipSYCL OpenMP,HDP,64,(16x16) 256,0.344090,0.276048 0.281633 0.286700 0.287912 0.290344 0.290517 0.297552 0.299366 0.302797 0.303340 0.304492 0.305069 0.306226 0.311338 0.312432 0.312504 0.313788 0.314526 0.316970 0.317558 0.317856 0.318300 0.318539 0.318869 0.319692 0.319702 0.319770 0.320951 0.323050 0.325098 0.325294 0.325415 0.325538 0.326618 0.328467 0.329457 0.329659 0.331877 0.333350 0.335938 0.336115 0.338365 0.339642 0.341270 0.341379 0.341521 0.341740 0.342476 0.343308 0.344036 0.344090 0.347166 0.347343 0.348047 0.348821 0.349214 0.350724 0.352469 0.352611 0.355171 0.355368 0.358357 0.359156 0.360483 0.362091 0.364290 0.364366 0.368199 0.368397 0.369118 0.369124 0.370461 0.370580 0.371110 0.371824 0.372994 0.373464 0.374393 0.374686 0.374953 0.376697 0.378085 0.379424 0.379453 0.380453 0.383747 0.389799 0.390451 0.391092 0.392999 0.394747 0.399189 0.400565 0.401998 0.402532 0.402583 0.414890 0.416936 0.417637 0.423807,0.050,85714129105,42596286,35.319815355
hipSYCL OpenMP,HDP,128,(8x8) 64,0.350118,0.287230 0.299672 0.300067 0.300082 0.304546 0.307906 0.308212 0.309586 0.309920 0.309941 0.311329 0.312527 0.313367 0.313423 0.314425 0.314752 0.315678 0.316087 0.319349 0.319591 0.319683 0.321278 0.321668 0.321761 0.322029 0.322198 0.322543 0.323111 0.323655 0.324323 0.325802 0.326536 0.327683 0.330642 0.332599 0.332656 0.333930 0.335399 0.335553 0.337250 0.339639 0.341438 0.342701 0.342779 0.343396 0.344125 0.345706 0.347681 0.348548 0.349058 0.350118 0.350485 0.351200 0.351680 0.352459 0.353253 0.353289 0.353482 0.354496 0.356954 0.361572 0.361931 0.362430 0.362950 0.363843 0.365281 0.365687 0.367751 0.368367 0.368975 0.369734 0.370643 0.370663 0.372164 0.373002 0.374793 0.375153 0.376140 0.376461 0.376695 0.377979 0.381402 0.381771 0.383231 0.385115 0.386625 0.387754 0.387985 0.389873 0.393055 0.393153 0.393688 0.393854 0.394350 0.407230 0.411497 0.412976 0.413480 0.425634 0.445405,0.052,98030821076,51152730,35.726175238
hipSYCL OpenMP,HDP,256,(4x4) 16,0.493410,0.358143 0.360195 0.361414 0.361469 0.361471 0.361490 0.361499 0.361558 0.361583 0.361584 0.361606 0.361608 0.361666 0.361693 0.361773 0.361805 0.361824 0.362765 0.369519 0.369670 0.370617 0.389665 0.398149 0.404450 0.413249 0.427915 0.429089 0.435213 0.439187 0.442098 0.447835 0.452410 0.469374 0.474281 0.475071 0.475606 0.476478 0.477193 0.480562 0.482376 0.482496 0.484931 0.485085 0.486805 0.491452 0.491584 0.491686 0.492288 0.492994 0.493365 0.493410 0.493509 0.493540 0.493584 0.493659 0.493870 0.494130 0.494282 0.494800 0.497379 0.497478 0.497643 0.497714 0.498833 0.500150 0.500262 0.500379 0.501200 0.501469 0.502265 0.502414 0.502476 0.502478 0.502501 0.502544 0.502561 0.502651 0.502655 0.502694 0.503123 0.504644 0.504682 0.504719 0.505304 0.505629 0.505657 0.506436 0.507489 0.509756 0.510741 0.511067 0.512061 0.512414 0.512696 0.512705 0.513140 0.513184 0.523518 0.539152 0.586447,0.039,107012644972,41387014,46.789675807
hipSYCL OpenMP,HDP,512,(2x2) 4,1.233269,1.223002 1.223038 1.223040 1.223092 1.223593 1.225300 1.225530 1.226821 1.226825 1.227183 1.227692 1.227923 1.227940 1.228661 1.229563 1.229719 1.229744 1.229845 1.229869 1.229870 1.229882 1.229925 1.229967 1.230070 1.230189 1.230293 1.230508 1.230509 1.231570 1.231571 1.231707 1.232762 1.232837 1.232857 1.232867 1.232876 1.232963 1.232975 1.232980 1.232993 1.233014 1.233031 1.233064 1.233109 1.233147 1.233164 1.233188 1.233198 1.233211 1.233236 1.233269 1.233289 1.233318 1.233458 1.233783 1.234070 1.234075 1.234253 1.234368 1.234475 1.234535 1.234554 1.234696 1.234745 1.235183 1.235302 1.235787 1.235838 1.235849 1.235959 1.236529 1.236671 1.237256 1.237681 1.237760 1.237772 1.238214 1.238645 1.238668 1.238843 1.238990 1.239143 1.239327 1.240383 1.240398 1.240552 1.240656 1.240924 1.240987 1.241337 1.243150 1.243562 1.245643 1.247121 1.248513 1.248939 1.249754 1.254056 1.261801 1.262525,0.038,107653155715,40605825,123.981564225
hipSYCL OpenMP,HDP,1024,(1x1) 1,4.714968,4.650244 4.652915 4.652948 4.653778 4.654257 4.654530 4.655130 4.655594 4.655608 4.655619 4.656319 4.656448 4.657666 4.658186 4.658333 4.658696 4.660468 4.660729 4.661213 4.661243 4.661857 4.662044 4.662296 4.663128 4.663687 4.664176 4.664844 4.664937 4.665145 4.668822 4.670826 4.674852 4.674959 4.675818 4.676808 4.676907 4.676986 4.677780 4.680513 4.680884 4.682025 4.683879 4.690557 4.691756 4.700685 4.703312 4.710109 4.710204 4.713585 4.714020 4.714968 4.715089 4.715158 4.715220 4.716033 4.716250 4.716480 4.717038 4.717271 4.717536 4.718083 4.718136 4.718175 4.718294 4.718478 4.718487 4.718889 4.719427 4.720015 4.720153 4.720688 4.720944 4.722004 4.722180 4.723648 4.724758 4.725000 4.725826 4.726042 4.726056 4.726668 4.727744 4.727865 4.727969 4.728417 4.728433 4.729100 4.732860 4.734216 4.736154 4.736316 4.746147 4.747296 4.747549 4.765574 4.767133 4.780328 4.788793 4.801045 4.802886,0.040,107737495674,42910413,470.698928795
hipSYCL OpenMP,WGP,1,(1x1) 1,4.864057,4.734404 4.739432 4.741510 4.742454 4.742723 4.743274 4.744499 4.746165 4.746363 4.747871 4.748424 4.748777 4.750303 4.750628 4.752278 4.752589 4.752771 4.755905 4.756165 4.756946 4.760933 4.761019 4.765525 4.766007 4.766872 4.772810 4.775141 4.784318 4.784889 4.788424 4.788554 4.789714 4.796051 4.796062 4.799761 4.801677 4.801974 4.805971 4.810137 4.811782 4.812274 4.813225 4.826331 4.830705 4.832829 4.846105 4.852876 4.855859 4.857209 4.860936 4.864057 4.875896 4.885515 4.890588 4.891973 4.901926 4.902407 4.911404 4.913903 4.914502 4.915324 4.919238 4.924727 4.932093 4.949743 4.957438 4.963665 4.965763 4.972294 4.972889 5.005980 5.007110 5.040278 5.051083 5.068337 5.070598 5.121405 5.146654 5.152787 5.171647 5.181365 5.209878 5.244063 5.269036 5.321291 5.325130 5.330292 5.345172 5.345371 5.362915 5.370900 5.418047 5.418324 5.422385 5.582136 5.600226 5.608655 5.819459 5.986682 6.612413,0.726,114349174186,829922704,498.485172820
hipSYCL OpenMP,WGP,2,(2x2) 4,1.426806,1.402502 1.425194 1.425244 1.425367 1.425415 1.425515 1.425575 1.425620 1.425634 1.425642 1.425694 1.425714 1.425728 1.425774 1.425792 1.425833 1.425834 1.425873 1.425929 1.425954 1.425961 1.425975 1.425994 1.425996 1.426009 1.426010 1.426011 1.426020 1.426071 1.426091 1.426120 1.426129 1.426138 1.426138 1.426156 1.426161 1.426180 1.426190 1.426207 1.426213 1.426255 1.426286 1.426305 1.426309 1.426356 1.426438 1.426529 1.426542 1.426562 1.426658 1.426806 1.427025 1.427153 1.427276 1.427341 1.427367 1.427376 1.427393 1.427472 1.427504 1.427529 1.427541 1.427559 1.427661 1.427718 1.427790 1.427908 1.429918 1.429932 1.430172 1.430480 1.434481 1.436757 1.436804 1.437027 1.437160 1.437182 1.437209 1.437264 1.437332 1.437439 1.437449 1.437468 1.437529 1.437581 1.437601 1.437623 1.437625 1.437722 1.437806 1.437835 1.437841 1.437896 1.437908 1.437933 1.437959 1.440960 1.441274 1.449675 1.526818,0.324,115348079210,373908616,143.471460299
hipSYCL OpenMP,WGP,4,(4x4)  16,0.637524,0.559104 0.591660 0.627873 0.627914 0.628070 0.628113 0.628246 0.628248 0.628418 0.628431 0.628456 0.628517 0.628560 0.628619 0.628655 0.631949 0.632082 0.632126 0.632284 0.632442 0.632532 0.632553 0.637037 0.637054 0.637084 0.637099 0.637126 0.637129 0.637149 0.637182 0.637183 0.637197 0.637207 0.637221 0.637248 0.637267 0.637281 0.637284 0.637297 0.637310 0.637327 0.637370 0.637371 0.637400 0.637401 0.637413 0.637415 0.637430 0.637475 0.637509 0.637524 0.637583 0.637760 0.638345 0.638390 0.638469 0.638536 0.638540 0.638544 0.638617 0.638681 0.638693 0.638735 0.638786 0.638795 0.638905 0.638925 0.638943 0.639437 0.639583 0.639741 0.640977 0.641027 0.641377 0.641402 0.641435 0.641476 0.641518 0.641531 0.641535 0.641609 0.641614 0.641615 0.641622 0.641642 0.641644 0.641696 0.641737 0.641740 0.641743 0.641773 0.641789 0.641848 0.641958 0.641964 0.642009 0.642021 0.645379 0.651033 0.651715,0.437,105549549835,461499684,64.031461566
hipSYCL OpenMP,WGP,8,(8x8) 64,0.988248,0.704836 0.706219 0.713313 0.726793 0.734233 0.736606 0.737084 0.741052 0.746776 0.770113 0.778088 0.789501 0.829840 0.844050 0.856065 0.870464 0.872499 0.875792 0.881428 0.885262 0.886884 0.892530 0.892903 0.904400 0.906589 0.911886 0.912617 0.914820 0.918526 0.919564 0.920250 0.922554 0.924148 0.928586 0.929426 0.941790 0.943643 0.949041 0.951305 0.957646 0.958761 0.960672 0.970496 0.970511 0.978705 0.983091 0.987662 0.987911 0.987932 0.988194 0.988248 0.993830 0.993962 1.003599 1.038041 1.064621 1.094053 1.098447 1.106626 1.110875 1.110880 1.124850 1.152940 1.162358 1.168433 1.170406 1.189308 1.216157 1.223197 1.244317 1.244526 1.246745 1.262585 1.263250 1.270699 1.295612 1.304052 1.311311 1.311312 1.312485 1.320002 1.320128 1.346646 1.357119 1.360047 1.361736 1.364939 1.379524 1.382925 1.383778 1.392067 1.393997 1.396084 1.403523 1.407887 1.415259 1.417084 1.419637 1.423698 1.535734,0.658,102555763234,102555763234,107.898315420
hipSYCL OpenMP,WGP,16,(16x16) 256,0.793638,0.699622 0.702239 0.708868 0.709444 0.709951 0.709983 0.718091 0.718335 0.720924 0.724478 0.726320 0.730515 0.731282 0.732490 0.740329 0.741022 0.741026 0.745379 0.745811 0.747415 0.748625 0.749913 0.750727 0.751324 0.751807 0.752279 0.754371 0.755032 0.755823 0.756240 0.757233 0.757659 0.759221 0.762315 0.767427 0.768062 0.768384 0.768576 0.770052 0.779096 0.779611 0.781052 0.781886 0.784070 0.786074 0.787410 0.787509 0.787865 0.787885 0.792256 0.793638 0.795406 0.809508 0.810115 0.816474 0.817562 0.821749 0.829297 0.829584 0.831240 0.835446 0.836169 0.843683 0.846455 0.849058 0.849616 0.849851 0.851202 0.853109 0.857404 0.857414 0.875256 0.878622 0.881699 0.896003 0.916520 0.920497 0.928973 0.930772 0.932757 0.935225 0.965663 0.975452 0.976397 0.981850 0.992253 0.996463 1.039903 1.042103 1.048328 1.059618 1.067339 1.079021 1.168091 1.171465 1.259020 1.271669 1.369383 1.383411 1.455240,1.995,112275770443,2239377396,90.027295211
hipSYCL OpenMP,WGP,32,(32x32) 1024,,,,,,
hipSYCL OpenMP,WGP,64,(64x64) 4096,,,,,,
hipSYCL OpenMP,WGP,128,,,,,,,
hipSYCL OpenMP,WGP,256,,,,,,,
hipSYCL OpenMP,WGP,512,,,,,,,
hipSYCL OpenMP,WGP,1024,,,,,,,
triSYCL OpenMP,Serial,-,1,4.645804,4.645077 4.645206 4.645335 4.645359 4.645361 4.645391 4.645430 4.645467 4.645483 4.645484 4.645485 4.645515 4.645515 4.645534 4.645534 4.645548 4.645571 4.645574 4.645581 4.645584 4.645597 4.645601 4.645614 4.645614 4.645625 4.645637 4.645658 4.645660 4.645661 4.645667 4.645679 4.645689 4.645691 4.645694 4.645695 4.645695 4.645705 4.645714 4.645726 4.645734 4.645735 4.645749 4.645752 4.645754 4.645761 4.645764 4.645768 4.645781 4.645788 4.645801 4.645804 4.645808 4.645809 4.645815 4.645823 4.645827 4.645834 4.645835 4.645836 4.645839 4.645855 4.645870 4.645871 4.645873 4.645877 4.645882 4.645883 4.645883 4.645884 4.645885 4.645891 4.645934 4.645934 4.645935 4.645946 4.645949 4.645953 4.645960 4.645973 4.646017 4.646024 4.646032 4.646063 4.646074 4.646080 4.646083 4.646104 4.646104 4.646105 4.646106 4.646106 4.646138 4.646146 4.646169 4.646183 4.646186 4.646209 4.646268 4.646303 4.646360,0.009,107641603587,9524451,464.826417674
triSYCL OpenMP,BKP,-,Unknown — htop indicates at least 32 since all cores were used,0.245434,0.241700 0.242152 0.242209 0.242309 0.242424 0.242599 0.242691 0.242706 0.242807 0.242983 0.243141 0.243319 0.243394 0.243629 0.243688 0.243772 0.243816 0.243882 0.244007 0.244053 0.244194 0.244204 0.244243 0.244336 0.244359 0.244364 0.244395 0.244427 0.244428 0.244483 0.244508 0.244636 0.244648 0.244667 0.244668 0.244699 0.244724 0.244816 0.244876 0.244915 0.244945 0.245138 0.245168 0.245180 0.245205 0.245235 0.245248 0.245281 0.245347 0.245430 0.245434 0.245441 0.245520 0.245535 0.245551 0.245578 0.245637 0.245688 0.245810 0.245985 0.246021 0.246310 0.246329 0.246408 0.246456 0.246459 0.246549 0.246618 0.246634 0.246648 0.246679 0.246750 0.246929 0.247010 0.247050 0.248282 0.248419 0.248440 0.248668 0.248991 0.250077 0.250582 0.250698 0.250850 0.251330 0.251799 0.251801 0.252160 0.252188 0.253284 0.254150 0.254777 0.254785 0.254971 0.255062 0.256205 0.258165 0.258884 0.259473 0.304713,0.064,68279227916,43392085,25.554703405
triSYCL OpenMP,HDP,1,(1024x1024) 1048576,4.898455,4.891556 4.891599 4.891787 4.891910 4.891989 4.892032 4.892064 4.892229 4.892478 4.892597 4.892610 4.892722 4.892908 4.892922 4.893079 4.893343 4.893410 4.893530 4.893622 4.893733 4.893759 4.893772 4.894071 4.894128 4.894142 4.894268 4.894527 4.894583 4.894587 4.894679 4.894774 4.895063 4.895297 4.895440 4.895557 4.895673 4.895837 4.896124 4.896220 4.896268 4.896306 4.896370 4.896392 4.896626 4.896847 4.896951 4.897801 4.897856 4.898166 4.898205 4.898455 4.898485 4.899132 4.899180 4.899310 4.899425 4.899526 4.899574 4.900315 4.901136 4.901255 4.901394 4.901408 4.901424 4.901449 4.902340 4.902566 4.903532 4.903856 4.903992 4.905047 4.905371 4.905947 4.906018 4.906647 4.906954 4.906961 4.907026 4.907225 4.907248 4.907346 4.907410 4.907700 4.908303 4.908335 4.908348 4.908467 4.908593 4.908641 4.908691 4.908834 4.909018 4.909148 4.909358 4.910178 4.910429 4.910581 4.910913 4.910959 4.911587,0.028,107861959964,30540960,490.535168794
triSYCL OpenMP,HDP,2,(512x512) 262144,,,,,,
triSYCL OpenMP,HDP,4,(256x256) 65536,,,,,,
triSYCL OpenMP,HDP,8,(128x128) 16384,,,,,,
triSYCL OpenMP,HDP,16,(64x64) 4096,,,,,,
triSYCL OpenMP,HDP,32,(32x32) 1024,,,,,,
triSYCL OpenMP,HDP,64,(16x16) 256,,,,,,
triSYCL OpenMP,HDP,128,(8x8) 64,,,,,,
triSYCL OpenMP,HDP,256,(4x4) 16,,,,,,
triSYCL OpenMP,HDP,512,(2x2) 4,,,,,,
triSYCL OpenMP,HDP,1024,(1x1) 1,,,,,,
triSYCL OpenMP,WGP,1,1,4.871694,4.862757 4.863573 4.864110 4.864317 4.865396 4.865662 4.865781 4.866310 4.866404 4.866512 4.866685 4.866699 4.867001 4.867074 4.867563 4.867636 4.867742 4.867958 4.868189 4.868209 4.868227 4.868307 4.868340 4.868444 4.868613 4.868937 4.868957 4.868960 4.869105 4.869209 4.869231 4.869265 4.869470 4.869556 4.869699 4.869735 4.869737 4.869958 4.870076 4.870458 4.870507 4.870578 4.870609 4.870758 4.870981 4.871163 4.871291 4.871512 4.871530 4.871554 4.871694 4.871714 4.871757 4.871857 4.871866 4.871942 4.872046 4.872237 4.872419 4.872462 4.872541 4.872991 4.873196 4.873209 4.873655 4.873903 4.874160 4.874224 4.874401 4.874419 4.874450 4.874627 4.874795 4.874796 4.874866 4.874894 4.875215 4.875319 4.875380 4.875407 4.875569 4.875756 4.875892 4.875976 4.876779 4.877022 4.877254 4.877344 4.877785 4.877795 4.877982 4.880555 4.880875 4.881013 4.881530 4.881690 4.882855 4.882999 4.887704 4.898739,0.025,107849164202,27118029,488.024826509
triSYCL OpenMP,WGP,2,2 — measured 4,1.722595,1.591943 1.594975 1.595444 1.598608 1.599392 1.614875 1.617468 1.618611 1.619626 1.620338 1.620552 1.620641 1.620657 1.621291 1.621672 1.626014 1.626537 1.630773 1.647276 1.653268 1.656139 1.666698 1.666764 1.666813 1.669859 1.670096 1.678031 1.680730 1.683887 1.684601 1.687154 1.687368 1.698771 1.701516 1.703139 1.704481 1.704972 1.705148 1.708000 1.709035 1.711156 1.711762 1.712420 1.712751 1.714723 1.714857 1.715905 1.719337 1.720551 1.721018 1.722595 1.722958 1.723709 1.729330 1.731459 1.737046 1.738923 1.742826 1.744754 1.748260 1.748272 1.749889 1.752993 1.753224 1.753348 1.754280 1.762048 1.763903 1.764739 1.766258 1.767662 1.767941 1.768567 1.769899 1.770244 1.770733 1.771545 1.771886 1.774543 1.774913 1.774923 1.775016 1.775277 1.775845 1.776516 1.776896 1.777846 1.780041 1.780450 1.780511 1.780716 1.780754 1.780837 1.780843 1.781635 1.782857 1.783866 1.785932 1.787018 1.796264,0.777,109035598597,847371199,171.943426513
triSYCL OpenMP,WGP,4,4  — measured 16,0.527288,0.440212 0.441172 0.463091 0.463419 0.467956 0.468248 0.469188 0.470655 0.471272 0.472007 0.474958 0.475888 0.478754 0.479167 0.479204 0.479568 0.479934 0.479991 0.480148 0.481113 0.482357 0.482917 0.484921 0.485033 0.486332 0.487813 0.487963 0.488570 0.488977 0.490284 0.492515 0.498424 0.498425 0.499951 0.501570 0.503721 0.504937 0.505392 0.507503 0.509825 0.510834 0.511737 0.514462 0.515108 0.517625 0.519327 0.523270 0.525023 0.526013 0.526361 0.527288 0.528311 0.528834 0.529249 0.529346 0.530649 0.530748 0.530889 0.531270 0.533811 0.535269 0.535861 0.536086 0.536983 0.538670 0.538733 0.540132 0.540874 0.541523 0.542628 0.543165 0.545978 0.546220 0.546561 0.547163 0.550892 0.552729 0.553470 0.556703 0.557092 0.559844 0.560930 0.562286 0.562356 0.563397 0.566017 0.566444 0.570883 0.572857 0.576653 0.577050 0.577184 0.586144 0.593314 0.600962 0.602287 0.605934 0.621567 0.633613 0.663827,0.467,107468776019,502089660,52.917422299
triSYCL OpenMP,WGP,8,8 — at least 32 probably 64,0.705415,0.614086 0.618587 0.625404 0.625667 0.635377 0.637972 0.642369 0.644296 0.648038 0.654644 0.658140 0.658356 0.660745 0.661358 0.662440 0.662442 0.667959 0.667982 0.668262 0.668674 0.671019 0.674974 0.676438 0.679379 0.680547 0.682593 0.683188 0.683205 0.686067 0.686390 0.686563 0.687043 0.688016 0.688328 0.688364 0.690572 0.690576 0.692172 0.693932 0.694964 0.695225 0.695380 0.696445 0.697752 0.699471 0.699993 0.701270 0.701570 0.703254 0.705004 0.705415 0.709817 0.710348 0.711587 0.712191 0.712362 0.714567 0.715612 0.716968 0.719757 0.721609 0.722179 0.723039 0.723137 0.724590 0.725653 0.725767 0.726916 0.727523 0.728547 0.728602 0.729058 0.730674 0.734802 0.735575 0.737805 0.739055 0.740039 0.742170 0.742861 0.744989 0.746406 0.747313 0.748195 0.749247 0.749450 0.751028 0.753044 0.759310 0.759673 0.761758 0.765905 0.769938 0.770511 0.773433 0.776330 0.794062 0.855629 0.867516 0.955466,0.342,88493130261,302672196,73.104069503
triSYCL OpenMP,WGP,16,16 — 4096?,0.631852,0.596159 0.596412 0.598939 0.599799 0.600199 0.602079 0.603924 0.604776 0.605774 0.606410 0.606551 0.606634 0.606733 0.606888 0.607557 0.609059 0.609283 0.609338 0.609575 0.609963 0.610114 0.610242 0.611145 0.612235 0.612774 0.613823 0.613928 0.613934 0.614035 0.614959 0.615156 0.615542 0.617921 0.618261 0.618514 0.619568 0.619749 0.620310 0.620373 0.621452 0.621639 0.622846 0.623353 0.623392 0.624526 0.625946 0.629652 0.630160 0.631210 0.631696 0.631852 0.636625 0.637925 0.638711 0.639247 0.639767 0.639941 0.639947 0.640079 0.640966 0.642846 0.642933 0.645068 0.645739 0.646661 0.647416 0.648733 0.649286 0.649292 0.649678 0.651228 0.651244 0.652035 0.654026 0.655192 0.655575 0.656745 0.657016 0.657543 0.667319 0.675560 0.675629 0.677961 0.688922 0.691285 0.706875 0.731657 0.735672 0.736661 0.742921 0.775981 0.834137 0.843199 0.866274 0.866572 0.885173 0.914108 0.969675 1.102261 1.554369,0.519,103177004991,535189454,72.916511739
triSYCL OpenMP,WGP,32,32,,,,,,
triSYCL OpenMP,WGP,64,64,,,,,,
triSYCL OpenMP,WGP,128,,,,,,,
triSYCL OpenMP,WGP,256,,,,,,,
triSYCL OpenMP,WGP,512,,,,,,,
triSYCL OpenMP,WGP,1024,,,,,,,
ComputeCPP pthreads,Serial,-,1,4.647141,4.646985 4.646988 4.646993 4.647004 4.647008 4.647016 4.647016 4.647017 4.647019 4.647019 4.647021 4.647027 4.647029 4.647029 4.647031 4.647036 4.647041 4.647041 4.647044 4.647049 4.647056 4.647057 4.647059 4.647060 4.647062 4.647063 4.647064 4.647066 4.647067 4.647067 4.647071 4.647072 4.647073 4.647078 4.647080 4.647081 4.647083 4.647085 4.647087 4.647089 4.647091 4.647095 4.647100 4.647108 4.647108 4.647112 4.647112 4.647118 4.647129 4.647133 4.647141 4.647142 4.647145 4.647146 4.647147 4.647147 4.647157 4.647157 4.647165 4.647168 4.647170 4.647170 4.647173 4.647180 4.647181 4.647191 4.647202 4.647207 4.647215 4.647217 4.647266 4.647276 4.647297 4.647307 4.647326 4.647341 4.647350 4.647378 4.647379 4.647425 4.647438 4.647445 4.647456 4.647476 4.647500 4.647503 4.647509 4.647566 4.648478 4.648663 4.648665 4.648845 4.649263 4.649359 4.649643 4.650111 4.650444 4.651068 4.651143 4.651251,0.006,107630444080,6071672,464.995570272
ComputeCPP pthreads,BKP,-,Unknown — htop indicates at least 32 since all cores were used,4.661067,4.657334 4.657335 4.657410 4.657608 4.658098 4.658227 4.658283 4.658313 4.658405 4.658426 4.658549 4.658845 4.658886 4.659149 4.659207 4.659262 4.659465 4.659472 4.659521 4.659590 4.659655 4.659666 4.659834 4.659912 4.659917 4.659923 4.659951 4.659952 4.659976 4.659989 4.660104 4.660104 4.660152 4.660183 4.660274 4.660387 4.660413 4.660430 4.660431 4.660440 4.660494 4.660536 4.660615 4.660664 4.660762 4.660861 4.660894 4.660904 4.660945 4.660984 4.661067 4.661090 4.661137 4.661220 4.661331 4.661408 4.661566 4.661687 4.661759 4.661973 4.662026 4.662214 4.662215 4.662345 4.662703 4.662706 4.662728 4.662911 4.663090 4.663307 4.663315 4.663524 4.663599 4.664020 4.664080 4.664227 4.664458 4.665105 4.665241 4.665443 4.666283 4.666345 4.667533 4.667583 4.669613 4.669613 4.669798 4.669882 4.669897 4.670091 4.670356 4.670765 4.670829 4.671282 4.671769 4.672356 4.673103 4.673141 4.676409 4.680979,0.054,107712405040,58358538,467.975766368
ComputeCPP pthreads,HDP,1,(1024x1024) 1048576,4.665485,4.661025 4.661260 4.662094 4.662100 4.662130 4.662525 4.663023 4.663096 4.663311 4.663354 4.663374 4.663453 4.663455 4.663501 4.663562 4.663603 4.663927 4.664181 4.664198 4.664277 4.664396 4.664407 4.664571 4.664582 4.664689 4.664726 4.664732 4.664750 4.664773 4.664791 4.664803 4.664830 4.664856 4.664916 4.664923 4.664933 4.664945 4.665055 4.665063 4.665090 4.665138 4.665214 4.665231 4.665244 4.665259 4.665409 4.665430 4.665450 4.665463 4.665479 4.665485 4.665495 4.665615 4.665630 4.665699 4.665706 4.665751 4.665825 4.665928 4.665978 4.666159 4.666200 4.666286 4.666378 4.666386 4.666468 4.666476 4.666486 4.666552 4.666788 4.666945 4.667120 4.667334 4.667367 4.667515 4.667740 4.668024 4.668342 4.668915 4.669083 4.669337 4.669446 4.669712 4.669748 4.670193 4.670273 4.670834 4.671314 4.671606 4.671836 4.671966 4.672379 4.674779 4.674823 4.675887 4.676071 4.677146 4.677229 4.679095 4.680000,0.052,107716226858,56215378,468.357994939
ComputeCPP pthreads,HDP,2,(512x512) 262144,4.668873,4.664250 4.664957 4.665314 4.665657 4.665758 4.665920 4.665923 4.666054 4.666088 4.666215 4.666422 4.666720 4.666813 4.666890 4.667103 4.667143 4.667162 4.667170 4.667220 4.667237 4.667299 4.667530 4.667565 4.667583 4.667666 4.667671 4.667913 4.667982 4.668058 4.668109 4.668174 4.668194 4.668223 4.668248 4.668256 4.668279 4.668319 4.668327 4.668422 4.668488 4.668505 4.668505 4.668510 4.668652 4.668684 4.668731 4.668762 4.668814 4.668848 4.668865 4.668873 4.668988 4.669000 4.669055 4.669147 4.669189 4.669239 4.669265 4.669282 4.669334 4.669378 4.669383 4.669422 4.669526 4.669538 4.669557 4.669591 4.669670 4.669769 4.669790 4.669844 4.669855 4.669898 4.669902 4.669946 4.670034 4.670119 4.670174 4.670318 4.670391 4.670556 4.670733 4.671041 4.671118 4.671533 4.671927 4.671952 4.672667 4.672940 4.672988 4.674283 4.675306 4.675439 4.675503 4.676150 4.676286 4.677780 4.681219 4.685989 4.686056,0.050,107694560784,53419036,468.550295624
ComputeCPP pthreads,HDP,4,(256x256) 65536,4.659472,4.656552 4.656855 4.656992 4.657014 4.657137 4.657207 4.657336 4.657665 4.657767 4.657813 4.657885 4.657976 4.657980 4.658265 4.658332 4.658431 4.658520 4.658535 4.658550 4.658617 4.658663 4.658737 4.658773 4.658800 4.658875 4.658928 4.658937 4.658950 4.658967 4.659018 4.659063 4.659068 4.659071 4.659098 4.659100 4.659132 4.659139 4.659155 4.659179 4.659180 4.659237 4.659299 4.659322 4.659324 4.659327 4.659363 4.659396 4.659437 4.659449 4.659453 4.659472 4.659484 4.659492 4.659511 4.659547 4.659557 4.659577 4.659578 4.659587 4.659605 4.659611 4.659625 4.659653 4.659666 4.659675 4.659730 4.659745 4.659765 4.659774 4.659825 4.659935 4.659943 4.659968 4.659977 4.659984 4.660027 4.660368 4.660425 4.660461 4.660501 4.660585 4.660624 4.660636 4.660882 4.660982 4.661319 4.661444 4.661546 4.661812 4.661865 4.662007 4.662711 4.662720 4.662848 4.663249 4.663253 4.663510 4.665760 4.667052 4.673419,0.050,107683956041,53453109,467.676666872
ComputeCPP pthreads,HDP,8,(128x128) 16384,4.659583,4.655438 4.655653 4.655754 4.655770 4.655807 4.655841 4.655892 4.655942 4.656134 4.656522 4.656562 4.656725 4.656785 4.656787 4.657070 4.657105 4.657140 4.657142 4.657267 4.657274 4.657286 4.657331 4.657345 4.657361 4.657441 4.657516 4.657518 4.657549 4.657640 4.657657 4.657781 4.657828 4.657842 4.657991 4.658040 4.658041 4.658063 4.658093 4.658205 4.658271 4.658718 4.658720 4.658807 4.658943 4.658980 4.659056 4.659103 4.659416 4.659421 4.659479 4.659583 4.659636 4.659683 4.659958 4.661030 4.661289 4.661420 4.661648 4.661829 4.661838 4.662297 4.662349 4.662408 4.662489 4.662607 4.662671 4.662736 4.663132 4.663145 4.663475 4.663575 4.663790 4.664015 4.664092 4.664227 4.664391 4.664584 4.664967 4.665018 4.665267 4.665366 4.665655 4.665771 4.665782 4.666181 4.668788 4.669243 4.669243 4.669389 4.669596 4.670054 4.670565 4.671606 4.672967 4.673395 4.673806 4.675703 4.676168 4.678539 4.682771,0.060,107687372372,64702623,468.221559877
ComputeCPP pthreads,HDP,16,(64x64) 4096,4.657151,4.654756 4.655094 4.655115 4.655137 4.655152 4.655329 4.655505 4.655566 4.655621 4.655706 4.655755 4.655784 4.655886 4.655943 4.655960 4.656087 4.656125 4.656132 4.656217 4.656257 4.656296 4.656341 4.656368 4.656429 4.656491 4.656528 4.656532 4.656597 4.656615 4.656651 4.656682 4.656764 4.656807 4.656807 4.656831 4.656834 4.656836 4.656842 4.656888 4.656921 4.656932 4.656945 4.656978 4.657010 4.657021 4.657037 4.657047 4.657082 4.657109 4.657131 4.657151 4.657170 4.657227 4.657237 4.657258 4.657279 4.657284 4.657348 4.657353 4.657368 4.657398 4.657411 4.657417 4.657431 4.657457 4.657521 4.657579 4.657594 4.657626 4.657640 4.657719 4.657742 4.657780 4.657787 4.657815 4.657967 4.657972 4.658074 4.658092 4.658169 4.659023 4.659464 4.659862 4.660737 4.660817 4.661154 4.661162 4.662509 4.663569 4.663946 4.664446 4.664865 4.666383 4.666668 4.667906 4.668154 4.668935 4.671349 4.675552 4.682960,0.051,107678827063,54613645,467.506929902
ComputeCPP pthreads,HDP,32,(32x32) 1024,4.657077,4.654616 4.654782 4.654906 4.655139 4.655211 4.655250 4.655254 4.655284 4.655344 4.655472 4.655488 4.655652 4.655757 4.655891 4.655917 4.656028 4.656135 4.656152 4.656195 4.656199 4.656230 4.656334 4.656345 4.656363 4.656410 4.656473 4.656525 4.656546 4.656584 4.656613 4.656617 4.656631 4.656650 4.656653 4.656669 4.656746 4.656766 4.656814 4.656847 4.656867 4.656869 4.656877 4.656899 4.656949 4.656978 4.657015 4.657056 4.657064 4.657065 4.657070 4.657077 4.657083 4.657105 4.657134 4.657148 4.657169 4.657195 4.657206 4.657229 4.657349 4.657450 4.657479 4.657496 4.657515 4.657563 4.657565 4.657591 4.657769 4.657866 4.657923 4.658017 4.658028 4.658031 4.658097 4.658173 4.658319 4.658340 4.658412 4.658448 4.658581 4.658716 4.658957 4.658983 4.659048 4.659327 4.659707 4.660131 4.660862 4.661195 4.662761 4.663074 4.663199 4.663308 4.663566 4.663879 4.664389 4.664558 4.667794 4.679665 4.695879,0.051,107676503990,54668782,467.626090367
ComputeCPP pthreads,HDP,64,(16x16) 256,4.658056,4.654234 4.654647 4.654933 4.655539 4.655583 4.655690 4.655977 4.655981 4.656252 4.656357 4.656406 4.656422 4.656856 4.656879 4.656897 4.657046 4.657097 4.657116 4.657126 4.657185 4.657209 4.657225 4.657231 4.657239 4.657246 4.657250 4.657327 4.657348 4.657378 4.657380 4.657395 4.657427 4.657429 4.657493 4.657520 4.657593 4.657606 4.657722 4.657734 4.657767 4.657774 4.657805 4.657862 4.657863 4.657901 4.657944 4.657970 4.657981 4.658024 4.658041 4.658056 4.658062 4.658145 4.658166 4.658176 4.658184 4.658245 4.658309 4.658339 4.658464 4.658498 4.658558 4.658595 4.658617 4.658708 4.658943 4.658970 4.659163 4.659210 4.659232 4.659307 4.659350 4.659909 4.659959 4.660141 4.660162 4.660164 4.660223 4.660225 4.660609 4.660818 4.661650 4.662000 4.662197 4.662334 4.662661 4.662730 4.664358 4.664802 4.665992 4.666099 4.666935 4.667294 4.669476 4.669558 4.669863 4.671221 4.675228 4.808892 4.861312,0.061,107675946586,66039407,467.976945802
ComputeCPP pthreads,HDP,128,(8x8) 64,4.657817,4.655129 4.655191 4.655254 4.655438 4.655652 4.655867 4.655974 4.656011 4.656276 4.656461 4.656468 4.656482 4.656678 4.656681 4.656730 4.656760 4.656786 4.656790 4.656794 4.656929 4.656942 4.656966 4.656970 4.657044 4.657112 4.657164 4.657170 4.657177 4.657225 4.657250 4.657260 4.657298 4.657299 4.657304 4.657309 4.657338 4.657375 4.657382 4.657534 4.657552 4.657593 4.657600 4.657632 4.657698 4.657699 4.657718 4.657734 4.657737 4.657777 4.657794 4.657817 4.657842 4.657888 4.657962 4.657977 4.658013 4.658019 4.658042 4.658106 4.658164 4.658218 4.658238 4.658288 4.658306 4.658369 4.658699 4.658809 4.658824 4.658924 4.658949 4.658978 4.659079 4.659161 4.659293 4.659388 4.659596 4.659627 4.660089 4.660115 4.660771 4.660938 4.661997 4.662423 4.662520 4.662947 4.663227 4.664079 4.664579 4.665780 4.666493 4.668619 4.672660 4.676574 4.679194 4.685269 4.711988 4.749087 4.762648 4.806202 4.852858,0.072,107693242266,77736265,468.182619954
ComputeCPP pthreads,HDP,256,(4x4) 16,4.663416,4.660747 4.661120 4.661151 4.661532 4.661764 4.661789 4.661844 4.661864 4.661884 4.662047 4.662058 4.662069 4.662075 4.662078 4.662087 4.662133 4.662142 4.662164 4.662189 4.662204 4.662206 4.662266 4.662410 4.662474 4.662492 4.662503 4.662526 4.662579 4.662592 4.662674 4.662680 4.662707 4.662721 4.662773 4.662780 4.662836 4.662838 4.662867 4.662879 4.662906 4.662909 4.662931 4.662968 4.663032 4.663058 4.663192 4.663208 4.663209 4.663222 4.663334 4.663416 4.663588 4.663790 4.664038 4.664480 4.665077 4.665188 4.665921 4.667060 4.667880 4.668432 4.668632 4.669230 4.670034 4.670076 4.670870 4.671561 4.673439 4.673930 4.674309 4.674925 4.676350 4.682048 4.683309 4.685188 4.686127 4.692516 4.693100 4.695497 4.699286 4.700620 4.701948 4.703340 4.718581 4.722085 4.748694 4.749622 4.750941 4.768257 4.780169 4.789611 4.798302 4.816820 4.819445 4.827073 4.846702 4.869093 4.919206 4.967258 5.399971,0.144,109730364417,157742267,471.409814013
ComputeCPP pthreads,HDP,512,(2x2) 4,4.668148,4.662685 4.662899 4.663220 4.663266 4.663290 4.663327 4.663332 4.663361 4.663401 4.663439 4.663458 4.663468 4.663604 4.663613 4.663850 4.663935 4.663951 4.663985 4.664017 4.664062 4.664066 4.664098 4.664099 4.664128 4.664178 4.664333 4.664455 4.664498 4.664529 4.664551 4.664558 4.664661 4.664663 4.664709 4.664862 4.664995 4.665043 4.665079 4.665123 4.665226 4.665344 4.665584 4.665625 4.665768 4.665931 4.666039 4.666876 4.666997 4.667123 4.667194 4.668148 4.668150 4.668216 4.669792 4.670048 4.670545 4.671608 4.672409 4.672968 4.678543 4.679515 4.679913 4.686589 4.688196 4.689887 4.692205 4.692998 4.694735 4.700660 4.702504 4.704002 4.710284 4.715313 4.723224 4.726227 4.730660 4.732916 4.733750 4.738915 4.739078 4.777000 4.786382 4.798003 4.799892 4.822028 4.822663 4.829677 4.843018 4.866230 4.868525 4.904688 4.910489 4.912573 4.941279 5.033957 5.034010 5.098639 5.215286 5.489293 5.663007,0.282,114273588072,322448832,475.151031523
ComputeCPP pthreads,HDP,1024,(1x1) 1,4.691058,4.663538 4.663551 4.663726 4.663843 4.663896 4.663912 4.663916 4.663926 4.663964 4.663990 4.664004 4.664198 4.664572 4.664596 4.664792 4.664866 4.665421 4.665959 4.665987 4.666001 4.666774 4.666820 4.666923 4.668208 4.668309 4.668342 4.668672 4.669881 4.670337 4.670384 4.670385 4.670413 4.671451 4.671453 4.671583 4.672868 4.674405 4.675661 4.676663 4.679114 4.679707 4.680391 4.682847 4.682981 4.683277 4.684227 4.684684 4.684716 4.684750 4.690845 4.691058 4.698437 4.700485 4.703358 4.706447 4.707765 4.708193 4.710493 4.712534 4.714955 4.716532 4.721813 4.723348 4.734777 4.739445 4.749912 4.759742 4.763374 4.775431 4.779248 4.780399 4.790019 4.793406 4.799066 4.799714 4.805024 4.808702 4.811771 4.815556 4.815678 4.816900 4.840540 4.857607 4.858035 4.858049 4.866127 4.872982 4.876487 4.897134 4.928534 4.955443 5.030222 5.071358 5.174944 5.204885 5.344348 5.346721 5.385222 5.400077 5.938202,0.425,114330074930,486424251,479.222031149
ComputeCPP pthreads,WGP,1,1,49.050575,41.856718 42.127652 42.260247 42.354870 42.455966 42.465825 42.471440 42.504617 42.552425 42.578811 42.587984 42.617321 42.659971 42.702993 42.735184 42.742054 42.818052 42.819827 42.852379 42.870378 42.890311 42.894664 42.906183 42.985770 43.046737 43.058352 43.108458 43.108812 43.114681 43.131947 43.137021 43.157284 43.158864 43.183327 43.211469 43.232652 43.244577 43.303456 43.321018 43.351809 43.355560 43.363093 43.380983 43.381836 43.437606 43.464269 43.479681 43.481977 43.486896 43.488114 43.489195 43.509102 43.512695 43.516335 43.517839 43.549030 43.576471 43.584414 43.617507 43.657235 43.677741 43.681020 43.699464 43.706345 43.715859 43.716813 43.722593 43.725629 43.743821 43.753699 43.754293 43.791817 43.795559 43.803011 43.824943 43.853490 43.874278 43.896113 43.931474 43.936591 44.039049 44.053158 44.056827 44.065992 44.163531 44.202244 44.238756 44.243344 44.249091 44.279414 44.306607 44.339544 44.417514 44.467099 44.470342 44.480719 44.506113 44.571787 44.637617 44.695168,7.415,236067484413,17503688280,4928.265616061
ComputeCPP pthreads,WGP,2,2 — measured 4,34.612729,33.947321 33.977076 33.983786 34.062028 34.143350 34.147371 34.162144 34.163868 34.182918 34.202515 34.220680 34.226980 34.285189 34.320340 34.322182 34.325269 34.335335 34.343247 34.357585 34.360863 34.394644 34.394773 34.395196 34.398699 34.418255 34.426627 34.454429 34.459832 34.461378 34.463015 34.471626 34.477329 34.491099 34.496355 34.500478 34.505182 34.513331 34.515508 34.527263 34.543612 34.551678 34.553173 34.560896 34.563793 34.568893 34.574562 34.589561 34.590095 34.605448 34.611915 34.612729 34.615196 34.623780 34.626992 34.628845 34.631025 34.641695 34.646031 34.656354 34.660796 34.669248 34.671264 34.679662 34.680192 34.682429 34.682743 34.705983 34.726134 34.728062 34.733560 34.741039 34.750395 34.761332 34.769364 34.775072 34.777230 34.779621 34.781577 34.808827 34.810283 34.815552 34.823757 34.831756 34.849629 34.851517 34.863317 34.870049 34.928667 34.934596 34.950539 34.955423 34.981427 34.995609 35.001280 35.006771 35.021090 35.050571 35.136758 35.143820 35.212147,6.852,222197195940,15223939290,3461.438863946
ComputeCPP pthreads,WGP,4,4  — measured 16,43.489195,41.856718 42.127652 42.260247 42.354870 42.455966 42.465825 42.471440 42.504617 42.552425 42.578811 42.587984 42.617321 42.659971 42.702993 42.735184 42.742054 42.818052 42.819827 42.852379 42.870378 42.890311 42.894664 42.906183 42.985770 43.046737 43.058352 43.108458 43.108812 43.114681 43.131947 43.137021 43.157284 43.158864 43.183327 43.211469 43.232652 43.244577 43.303456 43.321018 43.351809 43.355560 43.363093 43.380983 43.381836 43.437606 43.464269 43.479681 43.481977 43.486896 43.488114 43.489195 43.509102 43.512695 43.516335 43.517839 43.549030 43.576471 43.584414 43.617507 43.657235 43.677741 43.681020 43.699464 43.706345 43.715859 43.716813 43.722593 43.725629 43.743821 43.753699 43.754293 43.791817 43.795559 43.803011 43.824943 43.853490 43.874278 43.896113 43.931474 43.936591 44.039049 44.053158 44.056827 44.065992 44.163531 44.202244 44.238756 44.243344 44.249091 44.279414 44.306607 44.339544 44.417514 44.467099 44.470342 44.480719 44.506113 44.571787 44.637617 44.695168,9.543,260363143881,24845309787,4347.633370935
ComputeCPP pthreads,WGP,8,8 — at least 32 probably 64,42.608625,40.960157 41.086228 41.130403 41.477631 41.571086 41.593397 41.610778 41.655566 41.683519 41.718926 41.724806 41.771612 41.926205 41.994350 42.003409 42.027891 42.035146 42.087936 42.094904 42.158749 42.217996 42.219265 42.231413 42.306041 42.307197 42.339597 42.343680 42.372359 42.406387 42.407208 42.435610 42.436384 42.436664 42.441761 42.446866 42.455113 42.459325 42.462009 42.472659 42.493567 42.534566 42.534831 42.548697 42.556301 42.563819 42.590299 42.591075 42.597914 42.603633 42.607734 42.608625 42.621029 42.644594 42.650203 42.651072 42.652530 42.657385 42.658231 42.664079 42.679176 42.683965 42.687557 42.689455 42.692380 42.709125 42.713986 42.714237 42.716730 42.718751 42.730802 42.735382 42.735870 42.743054 42.745589 42.752940 42.754230 42.758805 42.759386 42.766190 42.782680 42.784968 42.788607 42.794056 42.798520 42.802069 42.809475 42.834170 42.837066 42.845907 42.871398 42.888758 42.893703 42.905021 42.913958 42.916048 42.926057 42.934234 42.952501 43.002320 43.069153,10.192,266283357048,27138629874,4248.312267140
ComputeCPP pthreads,WGP,16,16 — 4096?,38.999663,38.832087 38.839600 38.845948 38.852135 38.854168 38.866984 38.867794 38.871402 38.873997 38.878054 38.893684 38.897584 38.897988 38.906184 38.909912 38.912659 38.913480 38.915012 38.921441 38.922193 38.928281 38.932199 38.932449 38.936572 38.939166 38.939944 38.942236 38.946597 38.946910 38.947119 38.952126 38.954103 38.955453 38.964444 38.968051 38.970934 38.972277 38.975550 38.976040 38.976142 38.979571 38.979937 38.980419 38.982153 38.983197 38.987402 38.989970 38.992159 38.992496 38.995120 38.999663 39.001992 39.002436 39.003579 39.005505 39.006103 39.008587 39.012232 39.012862 39.020279 39.021040 39.021997 39.039515 39.040047 39.041259 39.044966 39.049548 39.050369 39.053666 39.056829 39.057321 39.057923 39.069903 39.076562 39.077847 39.078212 39.082265 39.083532 39.084176 39.084195 39.085050 39.087762 39.088164 39.090277 39.093896 39.096948 39.097146 39.100753 39.107997 39.114523 39.115245 39.124772 39.129792 39.137165 39.137841 39.145513 39.155222 39.156002 39.176788 39.218135,10.639,263593412334,28044427959,3902.089883110
ComputeCPP pthreads,WGP,32,32,,,,,,
ComputeCPP pthreads,WGP,64,64,,,,,,
ComputeCPP pthreads,WGP,128,,,,,,,
ComputeCPP pthreads,WGP,256,,,,,,,
ComputeCPP pthreads,WGP,512,,,,,,,
ComputeCPP pthreads,WGP,1024,,,,,,,
DPC++ pthreads,Serial,-,1,4.062939,4.061357 4.061636 4.061706 4.061796 4.061797 4.061839 4.061908 4.061924 4.061946 4.061947 4.061990 4.062040 4.062097 4.062104 4.062135 4.062142 4.062144 4.062204 4.062217 4.062291 4.062353 4.062369 4.062376 4.062376 4.062413 4.062442 4.062490 4.062492 4.062526 4.062540 4.062594 4.062616 4.062662 4.062663 4.062676 4.062722 4.062725 4.062726 4.062740 4.062742 4.062765 4.062776 4.062797 4.062817 4.062833 4.062861 4.062868 4.062883 4.062899 4.062921 4.062939 4.062941 4.062950 4.062954 4.062971 4.062976 4.062977 4.062977 4.062983 4.062993 4.062997 4.062998 4.063004 4.063013 4.063014 4.063015 4.063017 4.063023 4.063036 4.063041 4.063043 4.063048 4.063050 4.063051 4.063054 4.063055 4.063056 4.063065 4.063069 4.063075 4.063088 4.063092 4.063093 4.063094 4.063101 4.063101 4.063103 4.063105 4.063105 4.063106 4.063106 4.063110 4.063113 4.063122 4.063125 4.063131 4.063142 4.063176 4.063386 4.063398,0.009,107631846786,10059413,406.528887500
#reported 32 local threads for DPC++ pthreads
DPC++ pthreads,BKP,-,Unknown — htop indicates serial (1 core),3.480949,3.475627 3.476324 3.477237 3.479925 3.479943 3.479950 3.479954 3.480049 3.480149 3.480170 3.480272 3.480318 3.480337 3.480375 3.480476 3.480528 3.480540 3.480572 3.480603 3.480628 3.480662 3.480667 3.480674 3.480675 3.480711 3.480720 3.480738 3.480756 3.480767 3.480790 3.480794 3.480835 3.480846 3.480856 3.480858 3.480863 3.480866 3.480890 3.480897 3.480904 3.480905 3.480916 3.480917 3.480920 3.480924 3.480926 3.480929 3.480930 3.480933 3.480941 3.480949 3.480956 3.480964 3.480966 3.480967 3.480968 3.480974 3.480978 3.480984 3.480985 3.480985 3.480989 3.480990 3.480991 3.480994 3.480998 3.480999 3.481011 3.481013 3.481014 3.481017 3.481017 3.481020 3.481042 3.481045 3.481048 3.481060 3.481072 3.481076 3.481077 3.481081 3.481087 3.481091 3.481098 3.481102 3.481108 3.481120 3.481131 3.481133 3.481192 3.481204 3.481212 3.481227 3.481229 3.481231 3.481235 3.481261 3.481442 3.481573 3.494533,0.006,107632085261,6641012,348.344091136
DPC++ pthreads,HDP,1,(1024x1024) 1048576,3.497896,3.493190 3.493686 3.494728 3.494779 3.494914 3.495161 3.495215 3.495369 3.495377 3.495542 3.495552 3.495586 3.495616 3.495667 3.495680 3.495684 3.495702 3.495737 3.495772 3.495795 3.495798 3.495810 3.495817 3.495848 3.496010 3.496018 3.496327 3.496619 3.496819 3.496877 3.496973 3.497281 3.497326 3.497443 3.497446 3.497464 3.497526 3.497576 3.497597 3.497634 3.497679 3.497731 3.497754 3.497762 3.497787 3.497804 3.497870 3.497882 3.497889 3.497890 3.497896 3.497923 3.497923 3.497985 3.498022 3.498029 3.498055 3.498100 3.498105 3.498117 3.498121 3.498121 3.498123 3.498139 3.498162 3.498164 3.498165 3.498167 3.498200 3.498204 3.498210 3.498220 3.498243 3.498262 3.498265 3.498272 3.498276 3.498302 3.498369 3.498382 3.498405 3.498430 3.498455 3.498493 3.498519 3.498524 3.498541 3.498565 3.498566 3.498587 3.498588 3.498608 3.498611 3.498662 3.498674 3.498697 3.498702 3.498797 3.499009 3.510336,0.011,107650753124,11477307,350.006533094
DPC++ pthreads,HDP,2,(512x512) 262144,3.495438,3.489891 3.490035 3.492213 3.493035 3.493220 3.493416 3.493452 3.493489 3.493502 3.493758 3.493935 3.493993 3.494059 3.494164 3.494169 3.494215 3.494280 3.494283 3.494295 3.494363 3.494381 3.494399 3.494449 3.494514 3.494517 3.494632 3.494656 3.494666 3.494676 3.494689 3.494733 3.494791 3.494819 3.494898 3.494923 3.494932 3.494951 3.494954 3.494967 3.494977 3.494987 3.495031 3.495064 3.495224 3.495260 3.495262 3.495285 3.495335 3.495355 3.495398 3.495438 3.495449 3.495499 3.495502 3.495543 3.495546 3.495565 3.495616 3.495617 3.495617 3.495627 3.495665 3.495671 3.495695 3.495712 3.495719 3.495727 3.495728 3.495756 3.495774 3.495779 3.495807 3.495829 3.495829 3.495843 3.495845 3.495865 3.495890 3.495903 3.495907 3.495912 3.495948 3.495950 3.495961 3.495977 3.496000 3.496025 3.496051 3.496051 3.496070 3.496079 3.496141 3.496209 3.496280 3.496367 3.496371 3.496373 3.496539 3.496890 3.506012,0.005,107631995824,5069886,349.766527409
DPC++ pthreads,HDP,4,(256x256) 65536,3.479695,3.478155 3.478385 3.478557 3.478559 3.478772 3.478793 3.478833 3.478859 3.478888 3.478915 3.478966 3.478984 3.479096 3.479118 3.479121 3.479147 3.479171 3.479177 3.479181 3.479187 3.479190 3.479201 3.479201 3.479205 3.479219 3.479225 3.479231 3.479243 3.479247 3.479249 3.479253 3.479268 3.479279 3.479297 3.479310 3.479317 3.479341 3.479354 3.479400 3.479416 3.479444 3.479446 3.479491 3.479574 3.479584 3.479587 3.479597 3.479617 3.479624 3.479653 3.479695 3.479722 3.479759 3.479763 3.479788 3.479810 3.479840 3.479843 3.479849 3.479856 3.479868 3.479902 3.479904 3.479907 3.479930 3.479937 3.479953 3.479964 3.479967 3.479994 3.480003 3.480018 3.480026 3.480028 3.480031 3.480032 3.480042 3.480049 3.480053 3.480057 3.480070 3.480075 3.480077 3.480094 3.480131 3.480191 3.480208 3.480211 3.480215 3.480234 3.480325 3.480397 3.480454 3.480627 3.480638 3.480935 3.481224 3.481234 3.481712 3.482833,0.010,107618719469,10714064,348.217782796
DPC++ pthreads,HDP,8,(128x128) 16384,3.480699,3.479127 3.479280 3.479303 3.479357 3.479413 3.479500 3.479534 3.479609 3.479614 3.479667 3.479673 3.479688 3.479704 3.479755 3.479808 3.479818 3.479834 3.479838 3.479866 3.479888 3.479890 3.479947 3.479962 3.480095 3.480158 3.480212 3.480233 3.480249 3.480280 3.480311 3.480315 3.480331 3.480345 3.480383 3.480415 3.480422 3.480432 3.480440 3.480456 3.480469 3.480515 3.480538 3.480553 3.480591 3.480607 3.480613 3.480642 3.480642 3.480657 3.480679 3.480699 3.480705 3.480717 3.480752 3.480757 3.480762 3.480823 3.480854 3.480865 3.480901 3.480907 3.480908 3.480909 3.480925 3.480934 3.480937 3.480938 3.480941 3.480947 3.480968 3.480982 3.480983 3.480984 3.480986 3.481007 3.481010 3.481011 3.481012 3.481024 3.481034 3.481036 3.481050 3.481058 3.481068 3.481069 3.481080 3.481106 3.481112 3.481165 3.481192 3.481204 3.481211 3.481285 3.481298 3.481299 3.481305 3.481307 3.481442 3.481458 3.481498,0.006,107624270470,6859507,348.307228012
DPC++ pthreads,HDP,16,(64x64) 4096,3.476330,3.473796 3.474263 3.474534 3.474724 3.474743 3.475167 3.475186 3.475430 3.475556 3.475627 3.475733 3.475748 3.475784 3.475795 3.475802 3.475803 3.475810 3.475818 3.475827 3.475831 3.475857 3.475868 3.475876 3.475909 3.475943 3.475965 3.475966 3.476024 3.476049 3.476078 3.476080 3.476094 3.476117 3.476137 3.476164 3.476167 3.476169 3.476196 3.476200 3.476221 3.476225 3.476231 3.476238 3.476266 3.476268 3.476289 3.476296 3.476305 3.476309 3.476315 3.476330 3.476332 3.476339 3.476390 3.476420 3.476430 3.476439 3.476456 3.476494 3.476502 3.476516 3.476520 3.476525 3.476526 3.476530 3.476533 3.476535 3.476543 3.476549 3.476551 3.476553 3.476554 3.476556 3.476561 3.476573 3.476607 3.476611 3.476620 3.476623 3.476672 3.476694 3.476704 3.476725 3.476734 3.476742 3.476818 3.476844 3.476845 3.476850 3.476915 3.476921 3.476939 3.477079 3.477239 3.477561 3.477749 3.478070 3.478975 3.479306 3.479832,0.007,107620554385,7878240,347.884225712
DPC++ pthreads,HDP,32,(32x32) 1024,3.474924,3.472693 3.472792 3.472907 3.473192 3.473536 3.473595 3.473807 3.473902 3.473952 3.473959 3.473967 3.473989 3.474060 3.474068 3.474180 3.474193 3.474200 3.474213 3.474228 3.474245 3.474294 3.474319 3.474330 3.474342 3.474419 3.474461 3.474463 3.474466 3.474498 3.474523 3.474523 3.474527 3.474540 3.474558 3.474560 3.474643 3.474691 3.474692 3.474705 3.474733 3.474734 3.474737 3.474793 3.474827 3.474831 3.474848 3.474861 3.474863 3.474893 3.474900 3.474924 3.474964 3.474968 3.475010 3.475020 3.475034 3.475040 3.475065 3.475072 3.475074 3.475085 3.475115 3.475125 3.475128 3.475133 3.475176 3.475212 3.475214 3.475224 3.475256 3.475268 3.475276 3.475361 3.475387 3.475433 3.475441 3.475479 3.475480 3.475481 3.475482 3.475510 3.475517 3.475568 3.475581 3.475655 3.475687 3.475715 3.475801 3.475897 3.475921 3.475953 3.476014 3.476044 3.476064 3.476083 3.476121 3.476456 3.476722 3.477193 3.479452,0.008,107618975289,8199960,347.743507618
DPC++ pthreads,HDP,64,(16x16) 256,3.481700,3.475182 3.475597 3.475981 3.479463 3.480253 3.480462 3.480604 3.480638 3.480653 3.480775 3.480868 3.480929 3.480974 3.480983 3.481058 3.481093 3.481109 3.481162 3.481201 3.481244 3.481302 3.481318 3.481368 3.481377 3.481397 3.481412 3.481458 3.481502 3.481535 3.481543 3.481578 3.481583 3.481601 3.481606 3.481620 3.481622 3.481623 3.481624 3.481633 3.481633 3.481634 3.481642 3.481643 3.481657 3.481660 3.481664 3.481677 3.481694 3.481695 3.481697 3.481700 3.481702 3.481703 3.481710 3.481712 3.481718 3.481718 3.481723 3.481728 3.481729 3.481742 3.481754 3.481788 3.481795 3.481808 3.481815 3.481816 3.481825 3.481827 3.481834 3.481836 3.481846 3.481881 3.481890 3.481893 3.481898 3.481915 3.481924 3.481936 3.481936 3.481984 3.482028 3.482159 3.482167 3.482174 3.482210 3.482272 3.482410 3.482461 3.482788 3.482831 3.483034 3.483752 3.484508 3.484631 3.484962 3.485257 3.485268 3.486317 3.534210,0.007,107617986510,7127667,348.467664315
DPC++ pthreads,HDP,128,(8x8) 64,3.476590,3.473395 3.474065 3.474305 3.474365 3.474675 3.474738 3.474751 3.474831 3.474909 3.475222 3.475363 3.475429 3.475489 3.475568 3.475621 3.475628 3.475643 3.475788 3.475827 3.475839 3.475840 3.475873 3.475877 3.475886 3.475902 3.475973 3.475998 3.476002 3.476007 3.476015 3.476071 3.476096 3.476097 3.476144 3.476186 3.476192 3.476224 3.476300 3.476329 3.476330 3.476333 3.476371 3.476442 3.476453 3.476459 3.476460 3.476488 3.476501 3.476532 3.476544 3.476590 3.476618 3.476744 3.476749 3.476878 3.476887 3.476905 3.476994 3.477004 3.477080 3.477088 3.477166 3.477233 3.477284 3.477350 3.477371 3.477410 3.477690 3.477854 3.477907 3.478139 3.478341 3.478353 3.478374 3.478399 3.478485 3.478777 3.478886 3.478987 3.479470 3.479532 3.479614 3.479645 3.479663 3.479675 3.479850 3.480340 3.480441 3.480602 3.480827 3.481157 3.481338 3.481546 3.481704 3.483396 3.483543 3.483749 3.485059 3.485505 3.485875,0.012,107620288512,12709173,347.999383535
DPC++ pthreads,HDP,256,(4x4) 16,3.482246,3.481145 3.481345 3.481421 3.481442 3.481495 3.481517 3.481580 3.481590 3.481607 3.481614 3.481638 3.481647 3.481688 3.481690 3.481692 3.481702 3.481711 3.481719 3.481723 3.481734 3.481773 3.481811 3.481811 3.481833 3.481840 3.481850 3.481855 3.481864 3.481877 3.481891 3.481895 3.481899 3.481901 3.481913 3.481926 3.481927 3.481976 3.481979 3.482038 3.482050 3.482064 3.482073 3.482085 3.482108 3.482126 3.482140 3.482172 3.482204 3.482209 3.482210 3.482246 3.482259 3.482374 3.482395 3.482465 3.482471 3.482527 3.482540 3.482646 3.482692 3.482732 3.482838 3.482875 3.482875 3.482896 3.482900 3.482904 3.482969 3.483010 3.483011 3.483065 3.483072 3.483115 3.483136 3.483141 3.483165 3.483216 3.483218 3.483219 3.483361 3.483446 3.483570 3.483615 3.483671 3.483770 3.483831 3.483918 3.483945 3.483965 3.484014 3.484033 3.485399 3.486129 3.486153 3.487423 3.487720 3.488757 3.489327 3.489945 3.491646,0.011,107627409760,11388233,348.544474466
DPC++ pthreads,HDP,512,(2x2) 4,3.475551,3.474388 3.474406 3.474412 3.474544 3.474571 3.474668 3.474689 3.474722 3.474723 3.474801 3.474820 3.474842 3.474919 3.475011 3.475087 3.475108 3.475128 3.475171 3.475183 3.475195 3.475203 3.475207 3.475229 3.475245 3.475271 3.475273 3.475292 3.475322 3.475374 3.475391 3.475403 3.475403 3.475429 3.475436 3.475439 3.475454 3.475468 3.475471 3.475477 3.475479 3.475490 3.475492 3.475497 3.475501 3.475515 3.475524 3.475532 3.475533 3.475544 3.475546 3.475551 3.475551 3.475555 3.475555 3.475582 3.475608 3.475662 3.475666 3.475667 3.475669 3.475691 3.475707 3.475710 3.475722 3.475740 3.475751 3.475809 3.475825 3.475903 3.475922 3.475923 3.475958 3.475989 3.476009 3.476030 3.476051 3.476065 3.476079 3.476102 3.476163 3.476188 3.476204 3.476204 3.476250 3.476325 3.476365 3.476385 3.476430 3.476432 3.476458 3.476574 3.476594 3.476600 3.476667 3.476675 3.476766 3.476811 3.476938 3.476966 3.480780,0.008,107623821685,8633442,347.817056473
DPC++ pthreads,HDP,1024,(1x1) 1,3.476003,3.473555 3.473575 3.473728 3.473844 3.474177 3.474477 3.474603 3.474710 3.474828 3.474923 3.475027 3.475126 3.475228 3.475403 3.475676 3.475782 3.475849 3.475851 3.475867 3.475869 3.475873 3.475880 3.475882 3.475897 3.475906 3.475917 3.475924 3.475927 3.475929 3.475929 3.475933 3.475933 3.475934 3.475940 3.475942 3.475947 3.475947 3.475951 3.475954 3.475963 3.475976 3.475976 3.475983 3.475989 3.475991 3.475991 3.475997 3.475998 3.475999 3.476003 3.476003 3.476007 3.476010 3.476020 3.476020 3.476026 3.476029 3.476032 3.476033 3.476034 3.476034 3.476042 3.476044 3.476046 3.476048 3.476055 3.476059 3.476062 3.476064 3.476069 3.476070 3.476071 3.476071 3.476071 3.476082 3.476091 3.476093 3.476093 3.476095 3.476095 3.476098 3.476107 3.476108 3.476116 3.476116 3.476120 3.476120 3.476122 3.476124 3.476140 3.476147 3.476155 3.476159 3.476162 3.476182 3.476191 3.476196 3.476228 3.476257 3.476280,0.006,107631050274,6516939,347.832643396
DPC++ pthreads,WGP,1,1,3.490126,3.486344 3.486809 3.487266 3.487384 3.487744 3.487798 3.487798 3.487812 3.487955 3.487959 3.488124 3.488138 3.488270 3.488303 3.488325 3.488404 3.488479 3.488538 3.488617 3.488637 3.488643 3.488669 3.488704 3.488707 3.488740 3.488772 3.488786 3.489015 3.489079 3.489268 3.489351 3.489396 3.489670 3.489676 3.489683 3.489702 3.489759 3.489790 3.489867 3.489904 3.489915 3.489943 3.489952 3.489989 3.490002 3.490014 3.490024 3.490059 3.490065 3.490073 3.490126 3.490140 3.490141 3.490187 3.490209 3.490254 3.490285 3.490341 3.490356 3.490369 3.490405 3.490458 3.490497 3.490525 3.490548 3.490568 3.490592 3.490597 3.490608 3.490680 3.490695 3.490720 3.490764 3.490773 3.490792 3.490794 3.490838 3.490867 3.490878 3.490889 3.490894 3.490897 3.490921 3.490927 3.490978 3.490991 3.491002 3.491030 3.491087 3.491097 3.491156 3.491157 3.491194 3.491217 3.491219 3.491271 3.491272 3.491309 3.491374 3.491668,0.010,107651190947,10577961,349.234266690
DPC++ pthreads,WGP,2,2 — measured 4,3.484091,3.480982 3.481632 3.482023 3.482178 3.482247 3.482272 3.482547 3.482549 3.482669 3.482808 3.482832 3.482849 3.482925 3.482981 3.483003 3.483045 3.483076 3.483094 3.483126 3.483190 3.483203 3.483230 3.483250 3.483260 3.483268 3.483329 3.483373 3.483431 3.483444 3.483450 3.483521 3.483554 3.483555 3.483576 3.483587 3.483602 3.483665 3.483676 3.483709 3.483717 3.483771 3.483807 3.483873 3.483922 3.483954 3.484050 3.484059 3.484079 3.484083 3.484088 3.484091 3.484095 3.484114 3.484173 3.484190 3.484196 3.484205 3.484230 3.484233 3.484252 3.484278 3.484289 3.484302 3.484317 3.484329 3.484337 3.484392 3.484401 3.484403 3.484429 3.484457 3.484468 3.484469 3.484479 3.484482 3.484501 3.484517 3.484546 3.484577 3.484581 3.484598 3.484629 3.484635 3.484652 3.484676 3.484680 3.484686 3.484745 3.484760 3.484768 3.484769 3.484812 3.484817 3.484824 3.484861 3.484886 3.484887 3.484891 3.484917 3.484990,0.010,107630131529,10403119,348.638072734
DPC++ pthreads,WGP,4,4  — measured 16,3.478632,3.476207 3.476253 3.476260 3.476352 3.476459 3.476533 3.476542 3.476578 3.476591 3.476693 3.476983 3.477008 3.477121 3.477168 3.477311 3.477395 3.477410 3.477461 3.477507 3.477762 3.477798 3.477895 3.477905 3.477915 3.477941 3.478070 3.478102 3.478166 3.478221 3.478252 3.478276 3.478287 3.478289 3.478303 3.478309 3.478331 3.478343 3.478352 3.478364 3.478374 3.478377 3.478387 3.478403 3.478405 3.478437 3.478492 3.478530 3.478532 3.478579 3.478611 3.478632 3.478675 3.478699 3.478716 3.478728 3.478760 3.478760 3.478762 3.478775 3.478777 3.478782 3.478822 3.478822 3.478845 3.478854 3.478856 3.478867 3.478888 3.478892 3.478908 3.478924 3.478924 3.478938 3.478938 3.478949 3.478958 3.478971 3.478971 3.478976 3.478977 3.478981 3.478984 3.478987 3.479012 3.479028 3.479030 3.479031 3.479034 3.479050 3.479056 3.479058 3.479074 3.479079 3.479083 3.479090 3.479106 3.479107 3.479124 3.479142 3.479154,0.010,107617474450,10844051,348.084132016
DPC++ pthreads,WGP,8,8 — at least 32 probably 64,3.482278,3.478142 3.478608 3.479029 3.481004 3.481095 3.481117 3.481340 3.481341 3.481344 3.481391 3.481426 3.481469 3.481625 3.481679 3.481699 3.481821 3.481824 3.481866 3.481874 3.481901 3.481901 3.481913 3.482011 3.482015 3.482018 3.482023 3.482048 3.482055 3.482066 3.482078 3.482097 3.482108 3.482119 3.482122 3.482126 3.482133 3.482139 3.482145 3.482146 3.482148 3.482151 3.482180 3.482194 3.482205 3.482213 3.482213 3.482219 3.482232 3.482275 3.482277 3.482278 3.482280 3.482287 3.482297 3.482302 3.482307 3.482316 3.482322 3.482326 3.482329 3.482337 3.482339 3.482345 3.482358 3.482369 3.482374 3.482407 3.482407 3.482409 3.482424 3.482431 3.482439 3.482449 3.482453 3.482457 3.482478 3.482481 3.482490 3.482496 3.482503 3.482525 3.482529 3.482534 3.482541 3.482546 3.482580 3.482580 3.482583 3.482620 3.482812 3.483148 3.483742 3.483783 3.483822 3.484021 3.484103 3.484403 3.485539 3.485611 3.495662,0.005,107621696730,5199877,348.487984705
DPC++ pthreads,WGP,16,16 — 4096?,3.477549,3.474713 3.474933 3.475081 3.475220 3.475380 3.475534 3.475592 3.475650 3.475757 3.475983 3.476154 3.476258 3.476300 3.476399 3.476490 3.476532 3.476533 3.476560 3.476574 3.476577 3.476605 3.476616 3.476676 3.476705 3.476720 3.476798 3.476873 3.477050 3.477076 3.477158 3.477260 3.477269 3.477325 3.477332 3.477350 3.477377 3.477403 3.477421 3.477443 3.477474 3.477483 3.477485 3.477494 3.477501 3.477515 3.477522 3.477532 3.477534 3.477537 3.477546 3.477549 3.477551 3.477557 3.477568 3.477578 3.477585 3.477594 3.477607 3.477619 3.477627 3.477634 3.477640 3.477649 3.477651 3.477658 3.477664 3.477665 3.477674 3.477688 3.477692 3.477694 3.477744 3.477746 3.477785 3.477805 3.477815 3.477820 3.477833 3.477838 3.477885 3.477902 3.477918 3.477923 3.477933 3.477936 3.477975 3.477996 3.478064 3.478080 3.478081 3.478129 3.478136 3.478247 3.478281 3.478302 3.478781 3.479918 3.479958 3.484980 3.485126,0.007,107619491474,7597137,347.995930867
DPC++ pthreads,WGP,32,32,3.480756,3.477650 3.477909 3.478184 3.479527 3.479541 3.479635 3.479726 3.479750 3.479840 3.479896 3.479924 3.479999 3.480040 3.480057 3.480074 3.480120 3.480132 3.480156 3.480161 3.480226 3.480229 3.480272 3.480286 3.480325 3.480335 3.480345 3.480355 3.480395 3.480421 3.480468 3.480486 3.480563 3.480586 3.480603 3.480606 3.480615 3.480640 3.480676 3.480685 3.480688 3.480700 3.480707 3.480710 3.480727 3.480727 3.480728 3.480729 3.480731 3.480741 3.480744 3.480756 3.480777 3.480779 3.480795 3.480795 3.480800 3.480801 3.480806 3.480808 3.480813 3.480814 3.480832 3.480840 3.480860 3.480861 3.480865 3.480866 3.480867 3.480871 3.480872 3.480874 3.480877 3.480885 3.480891 3.480904 3.480906 3.480936 3.480950 3.480959 3.480964 3.480969 3.480974 3.480984 3.480988 3.480997 3.481003 3.481022 3.481090 3.481122 3.481131 3.481135 3.481137 3.481187 3.481261 3.481310 3.481422 3.481455 3.481559 3.481733 3.494705,0.006,107617685763,6756490,348.328317088
DPC++ pthreads,WGP,64,64,3.480119,3.474431 3.475807 3.477047 3.479207 3.479629 3.479634 3.479646 3.479685 3.479693 3.479694 3.479728 3.479795 3.479816 3.479824 3.479825 3.479827 3.479837 3.479862 3.479863 3.479867 3.479874 3.479874 3.479888 3.479899 3.479900 3.479914 3.479918 3.479924 3.479929 3.479934 3.479940 3.479943 3.479954 3.479981 3.479984 3.479988 3.480006 3.480014 3.480023 3.480034 3.480049 3.480060 3.480064 3.480066 3.480071 3.480078 3.480082 3.480083 3.480105 3.480119 3.480119 3.480126 3.480127 3.480130 3.480133 3.480139 3.480159 3.480161 3.480164 3.480164 3.480181 3.480183 3.480187 3.480194 3.480196 3.480203 3.480238 3.480254 3.480272 3.480276 3.480283 3.480284 3.480286 3.480298 3.480300 3.480306 3.480312 3.480325 3.480331 3.480408 3.480450 3.480455 3.480470 3.480475 3.480509 3.480510 3.480520 3.480591 3.480615 3.480623 3.480676 3.480690 3.480695 3.480816 3.480886 3.480931 3.481609 3.481658 3.482163 3.507597,0.003,107617201005,3602516,348.278542430
DPC++ pthreads,WGP,128,,3.478932,3.475803 3.476609 3.476655 3.476819 3.476823 3.476967 3.477095 3.477169 3.477185 3.477282 3.477323 3.477407 3.477482 3.477482 3.477546 3.477641 3.477716 3.477878 3.477888 3.477921 3.477976 3.477986 3.478022 3.478059 3.478107 3.478113 3.478114 3.478147 3.478150 3.478176 3.478184 3.478186 3.478246 3.478287 3.478296 3.478300 3.478324 3.478367 3.478429 3.478488 3.478500 3.478565 3.478612 3.478633 3.478661 3.478694 3.478699 3.478775 3.478788 3.478922 3.478932 3.478947 3.479062 3.479081 3.479133 3.479161 3.479199 3.479211 3.479212 3.479244 3.479250 3.479389 3.479439 3.479467 3.479508 3.479561 3.479598 3.479645 3.479647 3.479836 3.479860 3.479890 3.479931 3.480029 3.480535 3.480565 3.480738 3.480827 3.480923 3.480932 3.480990 3.481258 3.481458 3.481912 3.482238 3.482638 3.482648 3.483469 3.483490 3.483596 3.483980 3.484406 3.484704 3.485166 3.485462 3.485918 3.485989 3.487504 3.487936 3.490567,0.013,107619642127,14509059,348.224090916
DPC++ pthreads,WGP,256,,3.477815,3.475127 3.476039 3.476099 3.476180 3.476390 3.476405 3.476760 3.476788 3.476842 3.476873 3.476877 3.476878 3.476882 3.476986 3.477000 3.477002 3.477035 3.477068 3.477077 3.477097 3.477122 3.477150 3.477179 3.477189 3.477273 3.477283 3.477292 3.477323 3.477353 3.477359 3.477403 3.477406 3.477430 3.477445 3.477483 3.477522 3.477527 3.477594 3.477598 3.477635 3.477639 3.477650 3.477662 3.477691 3.477699 3.477729 3.477765 3.477770 3.477784 3.477785 3.477815 3.477821 3.477882 3.477884 3.477944 3.477955 3.477987 3.478010 3.478031 3.478053 3.478096 3.478114 3.478309 3.478361 3.478375 3.478464 3.478600 3.478727 3.478733 3.478744 3.478756 3.478936 3.478996 3.479183 3.479379 3.479412 3.479433 3.479484 3.479585 3.479589 3.479813 3.479944 3.479952 3.480153 3.480189 3.480361 3.480393 3.480627 3.481788 3.481863 3.482066 3.482575 3.484198 3.485101 3.485312 3.488020 3.488147 3.491716 3.494670 3.498752,0.012,107625550213,12938432,348.152644886
DPC++ pthreads,WGP,512,,3.477450,3.475988 3.476067 3.476117 3.476192 3.476219 3.476354 3.476355 3.476383 3.476388 3.476427 3.476508 3.476613 3.476616 3.476634 3.476741 3.476805 3.476811 3.476812 3.476839 3.476844 3.476881 3.476933 3.477006 3.477068 3.477145 3.477159 3.477170 3.477180 3.477187 3.477199 3.477212 3.477236 3.477249 3.477260 3.477274 3.477289 3.477299 3.477312 3.477318 3.477331 3.477335 3.477386 3.477396 3.477398 3.477404 3.477408 3.477425 3.477429 3.477445 3.477450 3.477450 3.477455 3.477464 3.477472 3.477483 3.477487 3.477492 3.477505 3.477511 3.477520 3.477520 3.477524 3.477525 3.477533 3.477534 3.477539 3.477557 3.477560 3.477577 3.477581 3.477585 3.477594 3.477598 3.477608 3.477613 3.477615 3.477634 3.477669 3.477695 3.477714 3.477728 3.477752 3.477763 3.477767 3.477773 3.477791 3.477797 3.477816 3.477829 3.477838 3.477862 3.477872 3.477901 3.477923 3.477941 3.478024 3.478108 3.478135 3.478294 3.478444,0.007,107622542543,7660795,347.983550250
DPC++ pthreads,WGP,1024,,3.477201,3.475751 3.475808 3.476018 3.476113 3.476118 3.476183 3.476192 3.476279 3.476321 3.476389 3.476397 3.476474 3.476486 3.476493 3.476498 3.476545 3.476588 3.476608 3.476614 3.476651 3.476667 3.476682 3.476716 3.476718 3.476773 3.476798 3.476848 3.476866 3.476883 3.476889 3.476919 3.476949 3.476973 3.476988 3.476999 3.477024 3.477030 3.477036 3.477039 3.477098 3.477111 3.477113 3.477118 3.477126 3.477142 3.477147 3.477157 3.477162 3.477181 3.477190 3.477201 3.477206 3.477217 3.477218 3.477248 3.477251 3.477268 3.477273 3.477294 3.477324 3.477342 3.477344 3.477345 3.477353 3.477358 3.477362 3.477365 3.477366 3.477372 3.477382 3.477391 3.477400 3.477404 3.477410 3.477415 3.477423 3.477425 3.477431 3.477437 3.477441 3.477449 3.477454 3.477463 3.477474 3.477482 3.477488 3.477491 3.477507 3.477508 3.477519 3.477533 3.477539 3.477543 3.477561 3.477585 3.477665 3.477673 3.477677 3.477744 3.478167,0.006,107630858730,6499902,347.960154623
#ComputeCPP OpenCL,,,,,,,,,
#DPC++ OpenCL,,,,,,,,,
#DPC++ CUDA,,,,,,,,,
#hipSYCL CUDA,,,,,,,,,
#hipSYCL ROCm,,,,,,,,,
